﻿<?xml version="1.0" encoding="utf-8" ?>
<ThingDefs>
  <ThingDef ParentName="DrugBase">
    <defName>Vodka</defName>
    <label>vodka</label>
    <description>Vodka is a distilled beverage composed primarily of water and ethanol, sometimes with traces of impurities and flavorings. Excessive consumption can lead to alcohol addiction.</description>
    <graphicData>
      <texPath>Things/A15/Vodka</texPath>
      <graphicClass>Graphic_StackCount</graphicClass>
    </graphicData>
    <equippedAngleOffset>-150</equippedAngleOffset>
    <rotatable>false</rotatable>
    <stackLimit>25</stackLimit>
    <statBases>
      <DeteriorationRate>0</DeteriorationRate>
      <MarketValue>12</MarketValue>
      <MeleeWeapon_DamageAmount>7</MeleeWeapon_DamageAmount>
      <MeleeWeapon_Cooldown>1.8</MeleeWeapon_Cooldown>
    </statBases>
    <ingestible>
      <foodType>Fluid, Processed, Liquor</foodType>
      <nutrition>0.10</nutrition>
      <joy>0.22</joy>
      <nurseable>true</nurseable>
      <drugCategory>Social</drugCategory>
      <ingestSound>Ingest_Beer</ingestSound>
      <ingestHoldOffsetStanding>(0.18,0,0)</ingestHoldOffsetStanding>
      <ingestCommandString>Drink {0}</ingestCommandString>
      <ingestReportString>Drinking {0}.</ingestReportString>
      <chairSearchRadius>25</chairSearchRadius>
      <outcomeDoers>
        <li Class="IngestionOutcomeDoer_GiveHediff">
          <hediffDef>AlcoholHigh</hediffDef>
          <severity>0.2</severity>
          <toleranceChemical>Alcohol</toleranceChemical>
        </li>
        <li Class="IngestionOutcomeDoer_GiveHediff">
          <hediffDef>AlcoholTolerance</hediffDef>
          <severity>0.042</severity>
        </li>
      </outcomeDoers>
    </ingestible>
    <equipmentType>Primary</equipmentType>
    <techLevel>Neolithic</techLevel>
    <comps>
      <li Class="CompProperties_Drug">
        <chemical>Alcohol</chemical>
        <addictiveness>0.006</addictiveness>
        <minToleranceToAddict>0.25</minToleranceToAddict>
        <existingAddictionSeverityOffset>0.20</existingAddictionSeverityOffset>
        <needLevelOffset>1</needLevelOffset>
        <listOrder>10</listOrder>
      </li>
      <li>
        <compClass>CompEquippable</compClass>
      </li>
    </comps>
    <verbs>
      <li>
        <verbClass>Verb_MeleeAttack</verbClass>
        <hasStandardCommand>true</hasStandardCommand>
        <meleeDamageDef>Blunt</meleeDamageDef>
      </li>
    </verbs>
  </ThingDef>
</ThingDefs>