﻿<?xml version="1.0" encoding="utf-8" ?>

<ThingDefs>

  <ThingDef Name="BaseMeleeWeapon" Abstract="True">
    <category>Item</category>
    <thingClass>ThingWithComps</thingClass>
    <equipmentType>Primary</equipmentType>
    <pathCost>10</pathCost>
    <useHitPoints>True</useHitPoints>
    <selectable>True</selectable>
    <graphicData>
      <onGroundRandomRotateAngle>35</onGroundRandomRotateAngle>
    </graphicData>
    <drawGUIOverlay>true</drawGUIOverlay>
    <statBases>
      <MaxHitPoints>100</MaxHitPoints>
      <Flammability>1.0</Flammability>
      <DeteriorationRate>1</DeteriorationRate>
      <SellPriceFactor>0.5</SellPriceFactor>
    </statBases>
    <altitudeLayer>Item</altitudeLayer>
    <alwaysHaulable>True</alwaysHaulable>
    <tickerType>Never</tickerType>
    <techLevel>Industrial</techLevel>
    <weaponTags>
      <li>Melee</li>
    </weaponTags>
    <thingCategories>
      <li>WeaponsMelee</li>
    </thingCategories>
    <comps>
      <li Class="CompProperties_Forbiddable"/>
      <li>
        <compClass>CompEquippable</compClass>
      </li>
      <li>
        <compClass>CompQuality</compClass>
      </li>
      <li Class="CompProperties_Art">
        <nameMaker>ArtName_WeaponMelee</nameMaker>
        <descriptionMaker>ArtDescription_WeaponMelee</descriptionMaker>
        <minQualityForArtistic>Excellent</minQualityForArtistic>
      </li>
    </comps>
    <recipeMaker>
      <workSpeedStat>SmithingSpeed</workSpeedStat>
      <workSkill>Crafting</workSkill>
      <effectWorking>Smith</effectWorking>
      <soundWorking>Recipe_Smith</soundWorking>
      <recipeUsers>
        <li>ElectricSmithy</li>
        <li>FueledSmithy</li>
      </recipeUsers>
      <unfinishedThingDef>UnfinishedWeapon</unfinishedThingDef>
    </recipeMaker>
    <inspectorTabs>
      <li>ITab_Art</li>
    </inspectorTabs>
  </ThingDef>



  <ThingDef Name="BaseMeleeWeapon_Sharp" ParentName="BaseMeleeWeapon" Abstract="True">
    <recipeMaker>
    <defaultIngredientFilter>
      <categories>
        <li>Root</li>
      </categories>
      <exceptedThingDefs>
        <li>Silver</li>
        <li>Gold</li>
        <li>WoodLog</li>
      </exceptedThingDefs>
    </defaultIngredientFilter>
    </recipeMaker>
  </ThingDef>

  <ThingDef Name="BaseMeleeWeapon_Blunt" ParentName="BaseMeleeWeapon" Abstract="True">
    <recipeMaker>
      <defaultIngredientFilter>
        <categories>
          <li>Root</li>
        </categories>
        <exceptedThingDefs>
          <li>Silver</li>
          <li>Gold</li>
        </exceptedThingDefs>
      </defaultIngredientFilter>
    </recipeMaker>
  </ThingDef>
  
  
  
  
  
  
  <!-- ============================================================== -->

  <ThingDef ParentName="BaseMeleeWeapon_Sharp">
    <defName>MeleeWeapon_APKnife</defName>
    <label>AP knife</label>
    <description>The comparatively small blade of a knife makes it a last-resort weapon for a soldier. However, with Teseum coated blade, it can be a surprisingly lethal weapon.</description>
    <graphicData>
      <texPath>Things/A15/APKnife</texPath>
      <graphicClass>Graphic_Single</graphicClass>
    </graphicData>
    <soundInteract>InteractPistol</soundInteract>
    <statBases>
      <WorkToMake>8500</WorkToMake>
      <MeleeWeapon_DamageAmount>10</MeleeWeapon_DamageAmount>
      <MeleeWeapon_Cooldown>1.46</MeleeWeapon_Cooldown>
    </statBases>
    <equippedAngleOffset>-65</equippedAngleOffset>
    <costList>
      <Teseum>10</Teseum>
      <Steel>45</Steel>
    </costList>
    <verbs>
      <li>
        <verbClass>Verb_MeleeAttack</verbClass>
        <hasStandardCommand>true</hasStandardCommand>
        <meleeDamageDef>APCut</meleeDamageDef>
      </li>
    </verbs>
  </ThingDef>


  <ThingDef ParentName="BaseMeleeWeapon_Sharp">
    <defName>MeleeWeapon_APCCW</defName>
    <label>AP CCW</label>
    <description>Though often overlooked as an option, those who follow the Way of the Sword know that, at close range, a sharp blade can be as deadly as any high-tech alternative, especially with a Teseum coated blade.</description>
    <graphicData>
      <texPath>Things/A15/APCCW</texPath>
      <graphicClass>Graphic_Single</graphicClass>
    </graphicData>
    <soundInteract>InteractPistol</soundInteract>
    <statBases>
      <WorkToMake>10500</WorkToMake>
      <MeleeWeapon_DamageAmount>18</MeleeWeapon_DamageAmount>
      <MeleeWeapon_Cooldown>2.3</MeleeWeapon_Cooldown>
    </statBases>
    <equippedAngleOffset>-5</equippedAngleOffset>
    <costList>
      <Teseum>25</Teseum>
      <Steel>75</Steel>
    </costList>
    <verbs>
      <li>
        <verbClass>Verb_MeleeAttack</verbClass>
        <hasStandardCommand>true</hasStandardCommand>
        <meleeDamageDef>APCut</meleeDamageDef>
      </li>
    </verbs>
  </ThingDef>



</ThingDefs>