﻿<?xml version="1.0" encoding="utf-8" ?>
<ThingDefs>


  <ThingDef Name="BaseAntipodeGun" Abstract="True">
    <category>Item</category>
    <thingClass>ThingWithComps</thingClass>
    <equipmentType>Primary</equipmentType>
    <pathCost>10</pathCost>
    <useHitPoints>True</useHitPoints>
    <selectable>True</selectable>
    <graphicData>
      <onGroundRandomRotateAngle>35</onGroundRandomRotateAngle>
    </graphicData>
    <drawGUIOverlay>true</drawGUIOverlay>
    <statBases>
      <MaxHitPoints>100</MaxHitPoints>
      <Flammability>1.0</Flammability>
      <DeteriorationRate>2</DeteriorationRate>
      <SellPriceFactor>0.5</SellPriceFactor>
    </statBases>
    <altitudeLayer>Item</altitudeLayer>
    <alwaysHaulable>True</alwaysHaulable>
    <tickerType>Never</tickerType>
    <techLevel>Industrial</techLevel>
    <thingCategories>
      <li>WeaponsRanged</li>
    </thingCategories>
    <inspectorTabs>
      <li>ITab_Art</li>
    </inspectorTabs>
    <weaponTags>
      <li>AntipodeChampion</li>
    </weaponTags>
    <comps>
      <li Class="CompProperties_Forbiddable"/>
      <li>
        <compClass>CompEquippable</compClass>
      </li>
      <li>
        <compClass>CompQuality</compClass>
      </li>
      <li Class="CompProperties_Art">
        <nameMaker>ArtName_WeaponGun</nameMaker>
        <descriptionMaker>ArtDescription_WeaponGun</descriptionMaker>
        <minQualityForArtistic>Excellent</minQualityForArtistic>
      </li>
    </comps>
    <smeltProducts>
      <Steel>20</Steel>
    </smeltProducts>
  </ThingDef>

  <!-- ============================================== -->



  <ThingDef ParentName="BaseProjectileNeolithic">
    <defName>Arrow_Antipode</defName>
    <label>antipode arrow</label>
    <graphicData>
      <texPath>Things/Projectile/Arrow_Small</texPath>
      <graphicClass>Graphic_Single</graphicClass>
    </graphicData>
    <projectile>
      <flyOverhead>false</flyOverhead>
      <damageDef>ArmorPiercing</damageDef>
      <DamageAmountBase>15</DamageAmountBase>
      <Speed>75</Speed>
    </projectile>
  </ThingDef>


  <ThingDef ParentName="BaseAntipodeGun">
    <defName>Bow_Antipode</defName>
    <label>antipode bow</label>
    <description>A powerful recurve bow of the Antipode warriors. Unlike other bow, it fires armor piercing Teseum coated arrow.</description>
    <graphicData>
      <texPath>Things/A15/AntipodeBow</texPath>
      <graphicClass>Graphic_Single</graphicClass>
    </graphicData>
    <soundInteract>BowLarge</soundInteract>
    <menuHidden>True</menuHidden>
    <tradeability>Never</tradeability>
    <destroyOnDrop>True</destroyOnDrop>
    <statBases>
      <MarketValue>500</MarketValue>
      <AccuracyTouch>0.93</AccuracyTouch>
      <AccuracyShort>0.85</AccuracyShort>
      <AccuracyMedium>0.75</AccuracyMedium>
      <AccuracyLong>0.50</AccuracyLong>
      <RangedWeapon_Cooldown>0.8</RangedWeapon_Cooldown>
    </statBases>
    <weaponTags>
      <li>AntipodeChampion</li>
    </weaponTags>
    <verbs>
      <li>
        <verbClass>Verb_Shoot</verbClass>
        <hasStandardCommand>true</hasStandardCommand>
        <projectileDef>Arrow_Antipode</projectileDef>
        <warmupTime>1.5</warmupTime>
        <range>35</range>
        <soundCast>BowLarge</soundCast>
      </li>
    </verbs>
  </ThingDef>


  <!-- ============================================== -->


  <ThingDef Name="BaseAntipodeMelee" Abstract="True">
    <category>Item</category>
    <thingClass>ThingWithComps</thingClass>
    <equipmentType>Primary</equipmentType>
    <pathCost>10</pathCost>
    <useHitPoints>True</useHitPoints>
    <selectable>True</selectable>
    <graphicData>
      <onGroundRandomRotateAngle>35</onGroundRandomRotateAngle>
    </graphicData>
    <drawGUIOverlay>true</drawGUIOverlay>
    <statBases>
      <MaxHitPoints>100</MaxHitPoints>
      <Flammability>1.0</Flammability>
      <DeteriorationRate>1</DeteriorationRate>
      <SellPriceFactor>0.5</SellPriceFactor>
    </statBases>
    <altitudeLayer>Item</altitudeLayer>
    <alwaysHaulable>True</alwaysHaulable>
    <tickerType>Never</tickerType>
    <techLevel>Industrial</techLevel>
    <weaponTags>
      <li>AntipodeChampion</li>
    </weaponTags>
    <thingCategories>
      <li>WeaponsMelee</li>
    </thingCategories>
    <comps>
      <li Class="CompProperties_Forbiddable"/>
      <li>
        <compClass>CompEquippable</compClass>
      </li>
      <li>
        <compClass>CompQuality</compClass>
      </li>
      <li Class="CompProperties_Art">
        <nameMaker>ArtName_WeaponMelee</nameMaker>
        <descriptionMaker>ArtDescription_WeaponMelee</descriptionMaker>
        <minQualityForArtistic>Excellent</minQualityForArtistic>
      </li>
    </comps>
    <inspectorTabs>
      <li>ITab_Art</li>
    </inspectorTabs>
  </ThingDef>

  
  <ThingDef ParentName="BaseAntipodeMelee">
    <defName>AntipodeCCW</defName>
    <label>antipode blade</label>
    <menuHidden>True</menuHidden>
    <tradeability>Never</tradeability>
    <description>A great sword of the Antipode champions. This Teseum coated blade can penetrate almost every armor.</description>
    <destroyOnDrop>True</destroyOnDrop>
    <graphicData>
      <texPath>Things/A15/AntipodeCCW</texPath>
      <graphicClass>Graphic_Single</graphicClass>
    </graphicData>
    <soundInteract>InteractPistol</soundInteract>
    <statBases>
      <MarketValue>500</MarketValue>
      <MeleeWeapon_DamageAmount>18</MeleeWeapon_DamageAmount>
      <MeleeWeapon_Cooldown>1.95</MeleeWeapon_Cooldown>
    </statBases>
    <equippedAngleOffset>-35</equippedAngleOffset>
    <verbs>
      <li>
        <verbClass>Verb_MeleeAttack</verbClass>
        <hasStandardCommand>true</hasStandardCommand>
        <meleeDamageDef>APCut</meleeDamageDef>
      </li>
    </verbs>
  </ThingDef>



</ThingDefs>