<?xml version="1.0" encoding="utf-8" ?>
<PawnKindDefs>

  <PawnKindDef>
    <defName>AntipodeWarrior</defName>
    <label>antipode warrior</label>
    <race>Race_Antipode</race>
    <combatPower>55</combatPower>
    <defaultFactionType>AntipodeTribe</defaultFactionType>
    <lifeStages>
      <li>
        <bodyGraphicData>
          <texPath>Pawn/Antipode</texPath>
          <graphicClass>Graphic_Multi</graphicClass>
          <drawSize>1.5</drawSize>
        </bodyGraphicData>
      </li>
    </lifeStages>
		<weaponMoney>
			<min>60</min>
			<max>400</max>
		</weaponMoney>
		<weaponTags>
			<li>NeolithicMelee</li>
		</weaponTags>
    <invNutrition>2.55</invNutrition>
    <invFoodDef>Pemmican</invFoodDef>
  </PawnKindDef>


  <PawnKindDef>
    <defName>AntipodeHunter</defName>
    <label>antipode hunter</label>
    <race>Race_Antipode</race>
    <combatPower>65</combatPower>
    <defaultFactionType>AntipodeTribe</defaultFactionType>
    <lifeStages>
      <li>
        <bodyGraphicData>
          <texPath>Pawn/Antipode</texPath>
          <graphicClass>Graphic_Multi</graphicClass>
          <drawSize>1.5</drawSize>
        </bodyGraphicData>
      </li>
    </lifeStages>
    <weaponMoney>
			<min>400</min>
			<max>400</max>
		</weaponMoney>
		<weaponTags>
			<li>NeolithicRanged</li>
		</weaponTags>
    <invNutrition>2.55</invNutrition>
    <invFoodDef>Pemmican</invFoodDef>
  </PawnKindDef>


  <PawnKindDef>
    <defName>AntipodeChampion</defName>
    <label>antipode champion</label>
    <race>Race_Antipode</race>
    <combatPower>85</combatPower>
    <defaultFactionType>AntipodeTribe</defaultFactionType>
    <lifeStages>
      <li>
        <bodyGraphicData>
          <texPath>Pawn/Antipode</texPath>
          <graphicClass>Graphic_Multi</graphicClass>
          <drawSize>1.95</drawSize>
        </bodyGraphicData>
      </li>
    </lifeStages>
    <weaponMoney>
			<min>500</min>
			<max>800</max>
		</weaponMoney>
		<weaponTags>
			<li>AntipodeChampion</li>
		</weaponTags>
    <invNutrition>2.55</invNutrition>
    <invFoodDef>Pemmican</invFoodDef>
    <inventoryOptions>
      <subOptionsChooseOne>
        <li>
          <thingDef>Teseum</thingDef>
          <countRange>
            <min>1</min>
            <max>7</max>
          </countRange>
        </li>
      </subOptionsChooseOne>
    </inventoryOptions>
  </PawnKindDef>


</PawnKindDefs>